[
  {
    "title": "Action"
  },
  {
    "title": "Adventure"
  },
  {
    "title": "Animated"
  },
  {
    "title": "Biography"
  },
  {
    "title": "Comedy"
  },
  {
    "title": "Crime"
  },
  {
    "title": "Dance"
  },
  {
    "title": "Disaster"
  },
  {
    "title": "Documentary"
  },
  {
    "title": "Drama"
  },
  {
    "title": "Erotic"
  },
  {
    "title": "Family"
  },
  {
    "title": "Fantasy"
  },
  {
    "title": "Found Footage"
  },
  {
    "title": "Historical"
  },
  {
    "title": "Horror"
  },
  {
    "title": "Independent"
  },
  {
    "title": "Legal"
  },
  {
    "title": "Live Action"
  },
  {
    "title": "Martial Arts"
  },
  {
    "title": "Musical"
  },
  {
    "title": "Mystery"
  },
  {
    "title": "Noir"
  },
  {
    "title": "Performance"
  },
  {
    "title": "Political"
  },
  {
    "title": "Romance"
  },
  {
    "title": "Satire"
  },
  {
    "title": "Science Fiction"
  },
  {
    "title": "Short"
  },
  {
    "title": "Silent"
  },
  {
    "title": "Slasher"
  },
  {
    "title": "Sports"
  },
  {
    "title": "Spy"
  },
  {
    "title": "Superhero"
  },
  {
    "title": "Supernatural"
  },
  {
    "title": "Suspense"
  },
  {
    "title": "Teen"
  },
  {
    "title": "Thriller"
  },
  {
    "title": "War"
  },
  {
    "title": "Western"
  }
]